{
  "file": "input/test.wav",
  "sr": 48000,
  "channels": 1,
  "samples": 96000,
  "duration_sec": 2.0,
  "peak_dbfs": -13.97886995826722,
  "lufs_i": -17.71521288363066,
  "created_at_utc": "2026-02-22T06:28:10.149401+00:00"
}
