{
  "file": "/Users/trev/Repos/finishline_audio_repo/output/stand_tall_vocal_raw.wav",
  "lufs_i": -12.454729774838306,
  "peak_dbfs": -1.5012541137176847,
  "true_peak_dbtp": 0.460612416839535,
  "duration_sec": 284.44445833333333
}